,company,location,title,salary,link,skills
0,Apex Global Solutions,Data Engineer,"Suffern, NY 10901","$80,000 - $120,000 a year",https://www.indeed.com/pagead/clk?mo=r&ad=-6NYlbfkN0AIidIY4i-hcxsVlGIOD5OLPNNQy0wxlvqY9H191mdXksUv4ov8QAz1oVRb13myg9WrU8yxtHWTRPStYSaCoWEyQGRjQ9G9QPWm8kQms47hxYgfsrJk6_k_evx7xWQ_tvlK8AyPpZpawxwlF3HnBL9d44YYNgQaYd5134GeOx2d4OBhD1eu_-AtuJF80eEpw8B4GsNAe3a5NaR01Ezwd-QTwJD07YhxzIEqQhQG7IhS3WKlrjLOAUf8hWZOmWN1s8OLDThKOLnr8AbcoYRCmfag5-zfU6Yh5ulWIyu8kOt8HM18HNxbijIHkZhgxUaIkzjcbHIsRp2O5M_j7Jm8MuksSIlNhZQpT5mNjs3wkH19B2dCbRacZOul7O6lpMRmFuyAZ9c7kF0va2FiFqAsV7ptEgF5Xj75E6kwT95gonwLp3-Ko-fJHME1MUGObNudYcp5-tKn8yOG8ZUa3-53oQmY&p=0&fvj=1&vjs=3,"{'R', 'SQL'}"
1,TEKsystems,Data Engineer (100% Remote),"New York, NY 10001 (Chelsea area)",Not specified,https://www.indeed.com/pagead/clk?mo=r&ad=-6NYlbfkN0AuKz8EBO1xHDEL7V2YF9xF3dC_I9B9i-Zw2Jh8clPMK9BxhHDJszxSyW718EipT5PwgQXMLYlLgz5U2QmUiujf6rH-eFv_aaF0GhhJ6XQDEqYKcFgtuCo_F2ZIh3boBKPb1Zg5n8MaAYn4j7dXB9ApH5Np3s21_EvdAU3HgX5Weikt2HpBK5loIEhWBmm2tj6MIGqvkKEWNpwJIopRk3evAehlHMAKdP2jE2rvg2nx1SF74n2g57G4A0b_cNPqXiw14qQQDwr2FNKRAbOZx6htSrS4qaG_7tfoz72-VrID_SBObAbvisfS-uNPFiFD5rCqwLbc4Bhurea3EEB4ipagkonPcK0ySdJ0QjMqGytsmU5dVSQnT08yahSdILDNBYlhmSW36vgcOPnx7DNO9yQvzCHzkuW995q3SaM5uEVUeo0tmfaaW8zhgKw6CDkPH7Hp4jNeDLq6bbAFZ6BhAs4bqUZvnTpPWfkKzANicgBr6ULrvYJViixcDLbFBwm10Zp3UGRIF1ahasgU4m5phCaq9vJAEQIZ_d_TUN6n494BeffkYkwemWYdeVZQbZp9td1NALhU7Gd9WLMerdcjZm54AT2cIJGTPqwNeAJ6lRG0yXgv8fSPgRmdFSJf4tCmNgLN5EmAjA4MXPUhqoYse6FBdb0zrsmSVOxLfrDyQdK9dKIGvDoHCffK0uLMOtqoc3ptdL02G-E8PA8URPM9BgwCR9htA_MolcuGd2-gOC670ytM_6V2h-_F0M7jpO-g1njq6gXgpjUX0D1PVbqJkZMyeLpgMqvPucyWb5W7UvsH3wgw1ro8b66yPb8tu7InsF238P2eDHrHlbeAcqPdpg10t_Y4lFJO-2oJC7RlF_Do1oIVVVSkfUsOXqW3gZK4dRSeEa2F74RPRBt7eFwW5ybZYDqFyfkT5mq-OEq2qR0vCyGSLU3KjYWe5Jif2rGx9Gw=&p=1&fvj=0&vjs=3,"{'SQL', 'TABLEAU'}"
2,Spotify,Data Engineer - Platform Mission (Remote Eligible - Americas),"New York, NY",Not specified,https://www.indeed.com/rc/clk?jk=00450e2dc24ee768&fccid=fe404d18bb9eef1e&vjs=3,set()
3,KIPP Foundation,Data Systems Engineer,"New York, NY 10036 (Midtown area)",Not specified,https://www.indeed.com/rc/clk?jk=4a5a60364c6116cb&fccid=3cfcec9b138ce9bf&vjs=3,{'SQL'}
4,SEMA4,Data Engineer,"New York, NY 10003 (Greenwich Village area)",Not specified,https://www.indeed.com/rc/clk?jk=c711b84985aeeec7&fccid=c45ea75bef90caa9&vjs=3,{'SQL'}
5,AbleTo,Data Quality Engineer,New York State,Not specified,https://www.indeed.com/rc/clk?jk=b70f7b43c055a21a&fccid=954e57501f6bca1f&vjs=3,{'SQL'}
6,Hap Capital,Data Engineer Associate,"New York, NY 10014 (West Village area)",Not specified,https://www.indeed.com/rc/clk?jk=29d1afd96f910995&fccid=db0af0ad6162783b&vjs=3,{'SQL'}
7,Siemens,Data Engineer 248200,"New York, NY",Not specified,https://www.indeed.com/rc/clk?jk=c6cdf165c7657932&fccid=3b89b9ec324f96c8&vjs=3,set()
8,TIDAL,Data Engineer,"New York, NY",Not specified,https://www.indeed.com/rc/clk?jk=b25c52704923fd5d&fccid=6c5072dfcb4f1de2&vjs=3,"{'SQL', 'TABLEAU'}"
9,Spotify,Data Engineer - Podcasting,"New York, NY",Not specified,https://www.indeed.com/rc/clk?jk=a8f53f83f68c2c2b&fccid=fe404d18bb9eef1e&vjs=3,{'SQL'}
10,The New York Times,Data Engineer,"New York, NY",Not specified,https://www.indeed.com/rc/clk?jk=c30c3f753af35a48&fccid=1b50fcfb150b1b48&vjs=3,{'SQL'}
11,Spotify,Data Engineer - Freemium (Remote Eligible - US),"New York, NY",Not specified,https://www.indeed.com/rc/clk?jk=bd352cf4ee5ab880&fccid=fe404d18bb9eef1e&vjs=3,set()
12,Veeva Systems,Senior Data Engineer,"New York, NY",Not specified,https://www.indeed.com/rc/clk?jk=bda1d2ff3994fc26&fccid=353eb997fc901045&vjs=3,"{'R', 'SQL'}"
13,Spotify,Senior Staff Engineer - Data Infrastructure (Remote Eligible - Americas),"New York, NY",Not specified,https://www.indeed.com/rc/clk?jk=db5090b765c26d5d&fccid=fe404d18bb9eef1e&vjs=3,set()
14,Digital Dhara,Data Engineer with MongoDb BI Connector,"Brooklyn, NY 11217 (Boerum Hill area)",$60 - $65 an hour,https://www.indeed.com/company/Shark-analytics/jobs/Data-Engineer-Mongodb-Bi-Connector-a8f28a9d908d1ad3?fccid=b957326e0d359f41&vjs=3,{'SQL'}
15,KPMG,Associate- Data Engineer,"New York, NY",Not specified,https://www.indeed.com/rc/clk?jk=d9d3877d902c1184&fccid=2dd390c3a48a7ed0&vjs=3,set()
16,Microsoft,Sr. Data Engineer,"New York, NY",Not specified,https://www.indeed.com/rc/clk?jk=11eff3d2c03864d0&fccid=734cb5a01ee60f80&vjs=3,set()
17,Radancy,Data Engineer,"New York, NY 10012 (Little Italy area)",Not specified,https://www.indeed.com/pagead/clk?mo=r&ad=-6NYlbfkN0BmBivckoKIwb-7nkAIiT2NR1int7Qkje2fhghJUHqGcNC_76hTp96vN9pRmamHuWwMIheIn35cgHE5mbMBBrFpsMEXV_8PZrssGQFyQO769l5yn09ed5Db74Ln1qnmY5tdrPyd4puAADeYRGVxY3kKlSu9VylNsz-zzS3kpu0ijLcZWQq2z-u9cS1JBLalIx0bpybOfuKy97V93F5ovPEmNXEnEC0EEEY_H4Tmm6GnnVBC3cDbv38W-ERXoB8QnZyAJppaXFWTeLmIdavzVqZ83uCibOEnHiu7ru_G0wV-EkHRsZoZzILdQUfCkxCmQwIcyfSaoZt2j83FFp9SUBzPSgS8BLfgcSblmrE4EX4nv__IU9uDdlk70GJ-qcHl5yTydK5R3PgpSHu-RVVEzRjt&p=0&fvj=0&vjs=3,{'SQL'}
18,Blizzard Entertainment,Staff Data Engineer - Activision Blizzard Media,"New York, NY 10013 (Tribeca area)",Not specified,https://www.indeed.com/pagead/clk?mo=r&ad=-6NYlbfkN0BJK7A4HLs-T65xz-NWoX08neJE6YuqP3WpQCS3sVSU4fHdllbDn_aZGy371jFPc4BSr059XKdyBfIX9qba-_korBo7JohZmfZ6yb0I8E1wz3A2_X1as5L6xG18vq1PLQT714N3merDhzx8nBV8zSLG2H9zP4_qmr9B5mpf7eL88N9aZ2E5H57B9-mZs2pNTAwJTiulkgvd4tmtOQNZNz3-V0c9ZhYJh_V6dMy3lCSA-wA91iwpVI-Rpj92i5UKLj3H_F31a_9SDZeRwbxc7boOwdIf2j_uoSpzbalHO5XPI6HycTUUIdsLjvo66aYsNe9Nqx725i2Clkigr2bSjYvd7GCv9IpWIS-pCQE50DjwrACMJzfiEdgHsjWN0hu1vFgY7o5jTP8t7bf3tMr03_n3vLXJD_ANjVfZEe6hGA4Hb8707TWiNxTSqDwoOyMY1lByENzvxjNUrGmqbmCX2MJQEumfVHNFpM5glFjrIZCGYEisXQTkTZ7NcS2h-kXuDaOuJ2GjLDqvmze2DB40kVbs0W_v8TpZM5V_UeHcWFRxfHXtpLgs9Eg6NkClwAkNtqYy3LcI3rIfTW_ZFr4SQQvdnaxCT9THOscsPHbFTUsLxA24SuDIcOqhZ3caAEvsr2-ymptUqsyABg==&p=1&fvj=0&vjs=3,set()
19,Spotify,Senior Data Engineer (Remote Eligible - Americas),"New York, NY",Not specified,https://www.indeed.com/rc/clk?jk=29ff5308c60ceb99&fccid=fe404d18bb9eef1e&vjs=3,set()
20,Spotify,Senior Data Engineer - Spotify for Artists (Remote Eligible - Americas),"New York, NY",Not specified,https://www.indeed.com/rc/clk?jk=13630ca9a18f5f65&fccid=fe404d18bb9eef1e&vjs=3,{'SQL'}
21,Rhino New York,Data Engineer,"New York, NY",Not specified,https://www.indeed.com/rc/clk?jk=ebdb8cf6fbb8c447&fccid=74869e36bf8410c1&vjs=3,{'SQL'}
22,Explorium,Data Science Sales Engineer,"New York, NY",Not specified,https://www.indeed.com/rc/clk?jk=86fb720cd08f98b2&fccid=8180d3e7f1642407&vjs=3,set()
23,Jettison,Data Engineer,"New York, NY 10005 (Financial District area)","$100,000 - $150,000 a year",https://www.indeed.com/company/Jettison/jobs/Data-Engineer-2dcdff07c4bf7b09?fccid=46e89005b7c970c0&vjs=3,set()
24,Munich Re America,Data Engineer,"New York, NY",Not specified,https://www.indeed.com/rc/clk?jk=c864800541592468&fccid=d4448c192a012f32&vjs=3,"{'R', 'SQL', 'TABLEAU'}"
25,Exiger,Tech - Data Engineer,"New York, NY 10016 (Murray Hill area)",Not specified,https://www.indeed.com/company/Exiger/jobs/Tech-533fcff141b1cbd8?fccid=b7a753ea1f841879&vjs=3,set()
26,Tilting Point,Data Engineer,"New York, NY",Not specified,https://www.indeed.com/rc/clk?jk=c5301f6c03c4c4bf&fccid=a658df01c7a1c222&vjs=3,"{'SQL', 'TABLEAU'}"
27,Etsy,"Software Engineer, Data Infrastructure","Brooklyn, NY 11201",Not specified,https://www.indeed.com/rc/clk?jk=a9975c21c28b6c4a&fccid=9ecb91618c39a24f&vjs=3,set()
28,Blink Health,Data Engineer,"New York, NY",Not specified,https://www.indeed.com/rc/clk?jk=a4f94a23ba560eb8&fccid=6d7040765331fd1d&vjs=3,{'SQL'}
29,Rockstar Games,Data Engineer,"New York, NY 10012 (SoHo area)",Not specified,https://www.indeed.com/rc/clk?jk=2bccd594a4d6fc6b&fccid=5549c6b9723b4956&vjs=3,{'SQL'}
30,Consumer Reports,Data Quality Engineer,"Yonkers, NY 10703 (Nepera Park area)",Not specified,https://www.indeed.com/rc/clk?jk=90189607711e5978&fccid=adea62ae96d0c2c1&vjs=3,set()
31,DataDog,Data Engineer,"New York, NY",Not specified,https://www.indeed.com/rc/clk?jk=4db9741ec289184c&fccid=448951d0ddf03e0c&vjs=3,"{'R', 'SQL'}"
32,MANTL,Data Engineer,New York State,Not specified,https://www.indeed.com/rc/clk?jk=2afab7b186a1a94b&fccid=cef6f4cf5ea6bbb1&vjs=3,{'SQL'}
33,Arcadia,Data Engineer,"New York, NY 10016 (Flatiron District area)",Not specified,https://www.indeed.com/rc/clk?jk=eac05822ad14252c&fccid=4a4c5788c8139bce&vjs=3,set()
34,Jovia Financial Credit Union,Data Engineer - CRM and Data Warehouse,"Westbury, NY 11590",Not specified,https://www.indeed.com/rc/clk?jk=be1ec553772995d1&fccid=f2e08d5016df81b8&vjs=3,{'SQL'}
35,USA for UNHCR,Data Engineer,"New York, NY 10001 (Chelsea area)",Not specified,https://www.indeed.com/rc/clk?jk=b7a31178bf9403ff&fccid=b7f129e1302b031b&vjs=3,{'SQL'}
36,Spotify,Backend Engineer - Data Foundations Platform (Remote Eligible - Americas),"New York, NY",Not specified,https://www.indeed.com/rc/clk?jk=908501875ff084f2&fccid=fe404d18bb9eef1e&vjs=3,set()
37,Mount Sinai,Data Engineer,"New York, NY 10029 (East Harlem area)",Not specified,https://www.indeed.com/rc/clk?jk=15fa664d17748c67&fccid=c007936ceb766fe5&vjs=3,set()
38,Dashlane,Data Engineer,"New York, NY 10010 (Flatiron District area)",Not specified,https://www.indeed.com/rc/clk?jk=426987ba0d3b4e64&fccid=b884767afe3fb8b6&vjs=3,{'SQL'}
39,Hudson River Trading,Data Engineer,"New York, NY 10005 (Financial District area)",Not specified,https://www.indeed.com/rc/clk?jk=daa2e0a9db913c15&fccid=01b91641951e8886&vjs=3,set()
40,dv01,Data Engineer - Remote,New York State,Not specified,https://www.indeed.com/rc/clk?jk=bde326d6256614f5&fccid=54983fa1b37dd1bb&vjs=3,"{'R', 'SQL'}"
41,Disney Streaming Services,"Software Engineer, Engineering Data Strategy","New York, NY",Not specified,https://www.indeed.com/rc/clk?jk=dc72556c95f78242&fccid=4b5d257051285786&vjs=3,{'SQL'}
42,Facebook,"Data Engineer, Analytics","New York, NY",Not specified,https://www.indeed.com/rc/clk?jk=b0195c372cbc0bcf&fccid=1639254ea84748b5&vjs=3,{'SQL'}
43,H1,Data Engineer - Client Reporting,"New York, NY",Not specified,https://www.indeed.com/rc/clk?jk=871422eee713f1ea&fccid=d7365da89e9fe3bc&vjs=3,{'SQL'}
44,Arcadia,"Software Engineer, Utility Data","New York, NY 10016 (Flatiron District area)",Not specified,https://www.indeed.com/rc/clk?jk=1d77b9d72c4e384b&fccid=4a4c5788c8139bce&vjs=3,{'SQL'}
45,Luxoft,Data Engineer,"New York, NY 10006 (Financial District area)",Not specified,https://www.indeed.com/rc/clk?jk=61d6a162d7bbb868&fccid=4b841d912d46e4fd&vjs=3,set()
46,Unioncrate,Data Engineer,"New York, NY",Not specified,https://www.indeed.com/rc/clk?jk=98c7d54fd7af7a10&fccid=669061a8c6675a9d&vjs=3,{'SQL'}
47,TUNECORE,Data Engineer,"Brooklyn, NY 11201",Not specified,https://www.indeed.com/rc/clk?jk=c3876fd818ead05b&fccid=261c0771a0ed6399&vjs=3,"{'SQL', 'TABLEAU'}"
48,Samiti Technology,Remote Big Data Engineer with Financial Industry and Scala Experience,"New York, NY",$60 - $70 an hour,https://www.indeed.com/company/Xpect-Svc./jobs/Remote-Big-Data-Engineer-Financial-Industry-Scala-Experience-1ce432fa2759496c?fccid=7bf8c9cbcbbd961e&vjs=3,set()
49,Zip,Data Engineer,"New York, NY",Not specified,https://www.indeed.com/rc/clk?jk=1722219edc00e654&fccid=62ea05949fb06eef&vjs=3,set()
50,FairyGodBoss,Data Engineer II,"New York, NY",Not specified,https://www.indeed.com/rc/clk?jk=bc97bd15f637667f&fccid=831739266abc026a&vjs=3,{'SQL'}
51,Etsy,"Senior Software Engineer, Business Data","Brooklyn, NY 11201",Not specified,https://www.indeed.com/rc/clk?jk=acb6b36e285c1a0f&fccid=9ecb91618c39a24f&vjs=3,{'SQL'}
52,Ribbon Health,"Software Engineer, Data","New York, NY",Not specified,https://www.indeed.com/rc/clk?jk=233f44d75ee178c2&fccid=1b3df0faac85255e&vjs=3,{'SQL'}
53,PepsiCo,eCom Data Engineer,"New York, NY",Not specified,https://www.indeed.com/rc/clk?jk=972791c027420268&fccid=2973259ddc967948&vjs=3,{'SQL'}
54,Capgemini,Data Engineer,"New York, NY",Not specified,https://www.indeed.com/rc/clk?jk=51e00ff5f8d74263&fccid=105ecfd0283f415f&vjs=3,{'SQL'}
55,Ampersand,Senior Data Engineer,"New York, NY 10036 (Midtown area)",Not specified,https://www.indeed.com/rc/clk?jk=ec556c0ab8e4c48d&fccid=d9ed97c9c36dae11&vjs=3,"{'R', 'SQL'}"
56,Facebook,"Data Engineer, Partnerships Central Systems, Data & Tools","New York, NY",Not specified,https://www.indeed.com/rc/clk?jk=bc6b4f778e49186d&fccid=1639254ea84748b5&vjs=3,"{'R', 'SQL', 'TABLEAU'}"
57,CAPCO,Data Engineer,"New York, NY",Not specified,https://www.indeed.com/rc/clk?jk=da2836b3b1a80242&fccid=c2a63affe8751868&vjs=3,set()
58,Leumi USA,Technical Data Management Engineer,"New York, NY 10017 (Midtown area)",Not specified,https://www.indeed.com/rc/clk?jk=bb2df3f5782ed15a&fccid=a472976d47c232b9&vjs=3,{'SQL'}
59,Thermo Fisher Scientific,Data Engineer,"New York, NY 10001 (Chelsea area)",Not specified,https://www.indeed.com/rc/clk?jk=bf1ffbfbcbac5d44&fccid=126e3afd205caa95&vjs=3,"{'SQL', 'TABLEAU'}"
60,Remesh,Senior Data Engineer,New York State,Not specified,https://www.indeed.com/rc/clk?jk=aa6b31a188765daf&fccid=f89f8382df33b93c&vjs=3,set()
61,JDRF,Sr. Data Engineer,"New York, NY 10004 (Financial District area)",Not specified,https://www.indeed.com/rc/clk?jk=11f87a9dd3b95ef1&fccid=deac2f3aa3fb8aed&vjs=3,{'SQL'}
62,1010data,Data Engineer III,"New York, NY 10017 (Turtle Bay area)",Not specified,https://www.indeed.com/rc/clk?jk=d1e3f8961d052064&fccid=d13636a017afad9c&vjs=3,{'SQL'}
63,Sia Partners,Data Engineer,"New York, NY 10006 (Financial District area)",Not specified,https://www.indeed.com/rc/clk?jk=57a130fb4dd875ca&fccid=4b32d0c68d487097&vjs=3,{'SQL'}
64,Denodo Technologies,Data Services Engineer,"New York, NY",Not specified,https://www.indeed.com/rc/clk?jk=b2055192b8b2ffa6&fccid=78f10670925c5ae8&vjs=3,{'SQL'}
65,KPMG,"Associate, Visualization Data Engineer","New York, NY",Not specified,https://www.indeed.com/rc/clk?jk=faa6fcf1f50d42bc&fccid=2dd390c3a48a7ed0&vjs=3,set()
66,Facebook,"Data Engineer, Analytics (Integrator)","New York, NY",Not specified,https://www.indeed.com/rc/clk?jk=233be2a54b0abd26&fccid=1639254ea84748b5&vjs=3,{'SQL'}
67,Acknowledge,Data Engineer,"New York, NY 10013 (Tribeca area)",Not specified,https://www.indeed.com/rc/clk?jk=70cf968833fd4177&fccid=1e5c2d460a6694f9&vjs=3,"{'SQL', 'TABLEAU'}"
68,INTURN,Data Engineer,"New York, NY 10011 (Chelsea area)",Not specified,https://www.indeed.com/rc/clk?jk=8fa2ecd380a39253&fccid=b5399d79c48f2808&vjs=3,"{'R', 'SQL'}"
69,InnovateEDU,Data Engineer,"Brooklyn, NY 11201",Not specified,https://www.indeed.com/rc/clk?jk=9101159550f44b5b&fccid=10189a63fa03fd40&vjs=3,{'SQL'}
70,Conde Nast,Data Quality Engineer,"New York, NY",Not specified,https://www.indeed.com/rc/clk?jk=e2aa86903e770505&fccid=7ca1385998532a85&vjs=3,{'SQL'}
71,Veeva Systems,Data Engineer - New York Hub,"New York, NY",Not specified,https://www.indeed.com/rc/clk?jk=d937d498160144ad&fccid=353eb997fc901045&vjs=3,{'SQL'}
72,dMetrics,Senior Data Engineer,"Brooklyn, NY 11211",Not specified,https://www.indeed.com/rc/clk?jk=98627bb7afc03f4c&fccid=3c99d2c627a7f85f&vjs=3,{'SQL'}
73,Splunk,Senior Data Engineer,"New York, NY 10001 (Chelsea area)",Not specified,https://www.indeed.com/rc/clk?jk=efa6304a0fe5b4bc&fccid=aef928e89977f7f0&vjs=3,"{'SQL', 'TABLEAU'}"
74,Swiss Re,Expert Data Engineer,"Armonk, NY 10504",Not specified,https://www.indeed.com/rc/clk?jk=f366c8ee94d88353&fccid=ce527f971de2a93a&vjs=3,{'SQL'}
75,Remesh,"Software Engineer, Data Visualization",New York State,Not specified,https://www.indeed.com/rc/clk?jk=2ff52aeedca52ab0&fccid=f89f8382df33b93c&vjs=3,{'R'}
76,Crowdskout,Data Engineer,New York State,Not specified,https://www.indeed.com/rc/clk?jk=7d1a746a0be6a299&fccid=09ecd174e9740b94&vjs=3,{'SQL'}
77,ITI Data,BIGDATA & PYSPARK DATA ENGINEER,"New York, NY",Not specified,https://www.indeed.com/rc/clk?jk=f23626946ed148e2&fccid=a0b82093ebac2748&vjs=3,{'SQL'}
78,Major League Baseball,Business Intelligence Data Engineer,"New York, NY",Not specified,https://www.indeed.com/rc/clk?jk=3165a42d33240fc9&fccid=6262eae176df0db9&vjs=3,{'SQL'}
79,Mindshare,Data Engineer,"New York, NY 10018 (Garment District area)",Not specified,https://www.indeed.com/rc/clk?jk=5092a73877f2e8fa&fccid=7c09b9795120f0d4&vjs=3,"{'R', 'SQL', 'TABLEAU'}"
80,Teachable,Data Engineer,"New York, NY",Not specified,https://www.indeed.com/rc/clk?jk=80505c152b34ae33&fccid=7c07af204e67482c&vjs=3,{'SQL'}
81,Facebook,"Data Engineer, Product Analytics","New York, NY",Not specified,https://www.indeed.com/rc/clk?jk=200aa7e08feff8a0&fccid=1639254ea84748b5&vjs=3,{'SQL'}
82,MightyHive,"Technical Solutions Engineer, Data","New York, NY",Not specified,https://www.indeed.com/rc/clk?jk=6063b03311c798d4&fccid=467aefff3a9cf758&vjs=3,"{'SQL', 'TABLEAU'}"
83,Splunk,"Data Engineer, DevOps - Remote OK","New York, NY 10001 (Chelsea area)",Not specified,https://www.indeed.com/rc/clk?jk=866435d5946019c4&fccid=aef928e89977f7f0&vjs=3,{'SQL'}
84,Etsy,"Software Engineer, Data Privacy","Brooklyn, NY 11201",Not specified,https://www.indeed.com/rc/clk?jk=a1e3d4de5e373c95&fccid=9ecb91618c39a24f&vjs=3,set()
85,Finn Partners,Marketing Data Engineer,"New York, NY 10022 (Midtown area)",Not specified,https://www.indeed.com/rc/clk?jk=68343cea4dc12a23&fccid=77ea1c0888389a67&vjs=3,"{'R', 'SQL', 'TABLEAU'}"
86,Slalom Consulting,Data Engineer,"Westchester County, NY",Not specified,https://www.indeed.com/rc/clk?jk=9d1b569957e6bcd6&fccid=a321096b9f1b3c50&vjs=3,"{'R', 'SQL'}"
87,PartnerCubed,Data Engineer / Architect,"New York, NY",Not specified,https://www.indeed.com/company/PartnerCubed/jobs/Data-Engineer-7f4f6663584ac1b4?fccid=b22b472af65e531b&vjs=3,{'SQL'}
88,NBCUniversal,Act Two Program - Data Engineer,"New York, NY",Not specified,https://www.indeed.com/rc/clk?jk=324436e84cf0d595&fccid=35d653c09c2712b6&vjs=3,set()
89,Capsule,Senior Data Engineer,"New York, NY",Not specified,https://www.indeed.com/rc/clk?jk=2e25e6f39ecbb25f&fccid=b77958ae99ad580a&vjs=3,{'SQL'}
90,Healthfirst,Data Engineer,"New York, NY",Not specified,https://www.indeed.com/rc/clk?jk=5b0003520379caa2&fccid=33b2d0072564c18e&vjs=3,{'SQL'}
91,Brace,Data Engineer,"New York, NY",Not specified,https://www.indeed.com/rc/clk?jk=4e42a2fe503f3908&fccid=56a533f696bc13cb&vjs=3,{'SQL'}
92,DailyPay Inc,Data Analytics Engineer,"New York, NY",Not specified,https://www.indeed.com/rc/clk?jk=d5da0992516987ea&fccid=6a543eeebca5ee42&vjs=3,"{'SQL', 'TABLEAU'}"
93,JUST Capital,Data Engineer,"New York, NY 10016 (Gramercy area)",Not specified,https://www.indeed.com/rc/clk?jk=a9fb7a632163e61b&fccid=8398dccfd275c49f&vjs=3,{'SQL'}
94,MarketAxess,Data Engineer (Consultant),"New York, NY 10001 (Chelsea area)",Not specified,https://www.indeed.com/rc/clk?jk=1646834e1424d3c9&fccid=8887e5b75bc5ade9&vjs=3,set()
95,Conde Nast,Senior Data Engineer,"New York, NY",Not specified,https://www.indeed.com/rc/clk?jk=df2184cfcbf877fe&fccid=7ca1385998532a85&vjs=3,{'SQL'}
96,The New York Times,Senior Data Engineer,"New York, NY",Not specified,https://www.indeed.com/rc/clk?jk=9764e1c33ea59ac7&fccid=1b50fcfb150b1b48&vjs=3,{'SQL'}
97,TCS,Integration Engineer - Cloud/Data,"New York, NY","$100,000 - $120,000 a year",https://www.indeed.com/company/TCS/jobs/Integration-Engineer-ed54e5bad521ea91?fccid=c78fdfc4443d4537&vjs=3,{'SQL'}
98,Albert,"Data Engineer (LA, NYC, or Remote US)","New York, NY",Not specified,https://www.indeed.com/rc/clk?jk=a1d2438864a9ef2b&fccid=bc832c51931d303b&vjs=3,set()
99,Cepheid,Sr Data Engineer,"New York, NY 10001 (Chelsea area)",Not specified,https://www.indeed.com/rc/clk?jk=ea559d33f81f30f3&fccid=2dc2f35c3405a529&vjs=3,set()
100,KPMG,Senior Data Engineer,"New York, NY",Not specified,https://www.indeed.com/rc/clk?jk=3f5cab6661165003&fccid=2dd390c3a48a7ed0&vjs=3,set()
101,YipitData,Software Engineer II - Data Engineering (Backend Engineer),New York State,Not specified,https://www.indeed.com/rc/clk?jk=6a2e577f828154f4&fccid=df916c24a229726d&vjs=3,"{'SQL', 'TABLEAU'}"
102,Entera,Data Engineer,"New York, NY",Not specified,https://www.indeed.com/rc/clk?jk=f1a3fc19b6d56aef&fccid=c8e07f37dc242ad2&vjs=3,"{'R', 'SQL'}"
103,Keyrus USA,Lead Data Engineer,"New York, NY 10018 (Clinton area)",Not specified,https://www.indeed.com/rc/clk?jk=a17578125d3884c9&fccid=43ff47202e55e07b&vjs=3,set()
104,Alloy,"Senior Software Engineer, Data Partner Integrations","New York, NY",Not specified,https://www.indeed.com/rc/clk?jk=261a25a21c042ca8&fccid=17deafb845ac1078&vjs=3,{'SQL'}
105,Disney Streaming Services,"Senior Software Engineer, Engineering Data Science","New York, NY",Not specified,https://www.indeed.com/rc/clk?jk=7a0d32d19a41f241&fccid=4b5d257051285786&vjs=3,set()
106,JDRF International,Sr. Data Engineer,"New York, NY",Not specified,https://www.indeed.com/rc/clk?jk=d8501aaaae481534&fccid=27fa7d84937e816b&vjs=3,{'SQL'}
107,"Stage 4 Solutions, inc.",Data Engineer - Data Integration Architect (FTE),"New York, NY",Not specified,https://www.indeed.com/rc/clk?jk=62b99336214e5a86&fccid=663fcf4fb2ab17e0&vjs=3,{'SQL'}
108,DoubleVerify,Data Engineer- Social Integrations,"New York, NY 10018 (Clinton area)",Not specified,https://www.indeed.com/rc/clk?jk=59449aa12523ff29&fccid=1a409fb4e78331ad&vjs=3,{'SQL'}
109,Apollo,Senior Data Engineer/Architect,"Purchase, NY",Not specified,https://www.indeed.com/rc/clk?jk=944e0df85db8d5e2&fccid=155d193bb794626c&vjs=3,{'SQL'}
110,Addepar,Data/Analytics Engineer,New York State,Not specified,https://www.indeed.com/rc/clk?jk=135eca8cd18989b1&fccid=cd9121ddd97de9e8&vjs=3,"{'SQL', 'TABLEAU'}"
111,Goldman Sachs,Lead Data Engineer – QIS Technology,"New York, NY 10282 (Battery Park area)",Not specified,https://www.indeed.com/rc/clk?jk=1c5563d53ae9aae6&fccid=16a97ed26c75bf2d&vjs=3,set()
112,ERGO,Data Intelligence Engineer,"New York, NY 10007 (Financial District area)",Not specified,https://www.indeed.com/rc/clk?jk=8db8e0b7b9ef10bb&fccid=074555cbff44af1b&vjs=3,"{'R', 'SQL'}"
113,StrongArm Technologies,"Engineer, Data",New York State,Not specified,https://www.indeed.com/rc/clk?jk=cf6562831eaad7a8&fccid=0ec0c1548a2fca68&vjs=3,{'SQL'}
114,Chainalysis,"Senior Data Engineer, Data Platform","New York, NY",Not specified,https://www.indeed.com/rc/clk?jk=230d0a39fb137978&fccid=6e3d8a314fe8af80&vjs=3,"{'SQL', 'TABLEAU'}"
115,Spotify,Senior Data Engineer - Creator Studio (Remote Eligible - Americas),"New York, NY",Not specified,https://www.indeed.com/rc/clk?jk=182e87c25040cd39&fccid=fe404d18bb9eef1e&vjs=3,set()
116,Movable Ink,Senior Data Engineer,New York State,Not specified,https://www.indeed.com/rc/clk?jk=b629d96765011f9d&fccid=ac747cfaa2c85912&vjs=3,set()
117,Stash,Data Engineer,New York State,Not specified,https://www.indeed.com/rc/clk?jk=d792b0ab9fcb9465&fccid=6d044ebfc8cbca1f&vjs=3,set()
118,Bloomberg,Senior Data Engineer,"New York, NY",Not specified,https://www.indeed.com/rc/clk?jk=6a6bbc5f9b542e74&fccid=f770da67b3b51c62&vjs=3,set()
119,Oscar Health,"Insurance Operations Engineer, Data","New York, NY 10012 (Little Italy area)",Not specified,https://www.indeed.com/rc/clk?jk=4f297a1b131bea83&fccid=402a1c36c3f1508f&vjs=3,set()
120,CLEAR - Corporate,Data Engineer,"New York, NY",Not specified,https://www.indeed.com/rc/clk?jk=d0870375c9b60f11&fccid=319b94ac5d9475d8&vjs=3,{'SQL'}
121,Gemological Institute of America,Data Scientist (AI/ML Engineer),"New York, NY 10036 (Midtown area)",Not specified,https://www.indeed.com/rc/clk?jk=7e7506cb9af71c3a&fccid=d0753f72179ddc47&vjs=3,set()
122,EXL Services,Data Engineer- Healthcare Analytics,"New York, NY",Not specified,https://www.indeed.com/rc/clk?jk=17bf9d5d83056ee9&fccid=e3e300fc88f0e813&vjs=3,{'SQL'}
123,Boost Insurance Agency,Senior Data Engineer,"New York, NY",Not specified,https://www.indeed.com/rc/clk?jk=45f2d91fd712466e&fccid=a4e05a251fe8a841&vjs=3,{'SQL'}
124,Vimeo,"Principal Engineer, Data","New York, NY",Not specified,https://www.indeed.com/rc/clk?jk=2c369705cace099f&fccid=73a66bd1ffb12cba&vjs=3,{'SQL'}
125,KPMG,"Specialist - Director, Data Engineer","New York, NY",Not specified,https://www.indeed.com/rc/clk?jk=5d88b343e4789372&fccid=2dd390c3a48a7ed0&vjs=3,{'R'}
126,PA Consulting Group,Data Scientist/ML Engineer,"New York, NY 10174 (Turtle Bay area)",Not specified,https://www.indeed.com/rc/clk?jk=5a29bcbe70f386ba&fccid=cf94a2aa6eb7d672&vjs=3,"{'R', 'TABLEAU'}"
127,ThoughtWorks,Principal Data Engineer (remote),"New York, NY 10016 (Flatiron District area)",Not specified,https://www.indeed.com/rc/clk?jk=4ed7b72c9416a680&fccid=3c650abdba68c61a&vjs=3,{'SQL'}
128,Sterling National Bank,"Manager, Data Systems Integration Engineer","White Plains, NY 10601",Not specified,https://www.indeed.com/rc/clk?jk=1bf66cae506dfda7&fccid=b41afca20fb759d9&vjs=3,{'SQL'}
129,Bloomberg,Quality Assurance Engineer - Enterprise Data (Consultant),"New York, NY",Not specified,https://www.indeed.com/rc/clk?jk=24b369503a54ed13&fccid=f770da67b3b51c62&vjs=3,set()
130,Integral Ad Science,Senior Data Engineer - Platform,New York State,Not specified,https://www.indeed.com/rc/clk?jk=b157ac6696fb239c&fccid=1dc32badf02d6835&vjs=3,set()
131,Integral Ad Science,Staff Data Engineer (Streaming),New York State,Not specified,https://www.indeed.com/rc/clk?jk=58a3911dff691097&fccid=1dc32badf02d6835&vjs=3,{'SQL'}
132,Spiceworks,Senior Data Engineer - Spiceworks,"New York, NY 10011 (Chelsea area)",Not specified,https://www.indeed.com/rc/clk?jk=0c5bb21ea36ed990&fccid=1d28766f4d0bf6ff&vjs=3,{'SQL'}
133,AT&T,Software Engineer II – Data Engineering and Reporting,"New York, NY",Not specified,https://www.indeed.com/rc/clk?jk=bdb3793e6ce0e35a&fccid=25b5166547bbf543&vjs=3,{'SQL'}
134,Codecademy,Senior Data Engineer,"New York, NY",Not specified,https://www.indeed.com/rc/clk?jk=92e40adea336b2af&fccid=b9d4e9eceb3ff4c0&vjs=3,"{'R', 'SQL'}"
135,2U,Data Engineer IV,"Brooklyn, NY",Not specified,https://www.indeed.com/rc/clk?jk=2d2d9e5f04e5df9a&fccid=8f236bae1b36b1dc&vjs=3,{'SQL'}
136,Aruba Networks,Consulting Systems Engineer – Data Center Networking,"New York, NY",Not specified,https://www.indeed.com/rc/clk?jk=477cd20d9e24c5fb&fccid=216eb700022de6f6&vjs=3,set()
137,Carta,"Senior Data Engineer, Data Platform","New York, NY",Not specified,https://www.indeed.com/rc/clk?jk=983ffc226fb28552&fccid=9e7dc185cb656f55&vjs=3,set()
138,Etsy,"Senior Data Engineer, Experimentation Platform","Brooklyn, NY 11201",Not specified,https://www.indeed.com/rc/clk?jk=7f8135feecdc0fb5&fccid=9ecb91618c39a24f&vjs=3,set()
139,Centricity,"Software Engineer, Data Ingestion","New York, NY",Not specified,https://www.indeed.com/rc/clk?jk=168575ad156ccbbd&fccid=1333c40c36156074&vjs=3,{'SQL'}
140,Daily Harvest,Senior Data Engineer,"New York, NY",Not specified,https://www.indeed.com/rc/clk?jk=87e4f75813a1bbd8&fccid=27cef24446eb0bc4&vjs=3,{'SQL'}
141,BGC Partners,Ref Data QA Engineer,"New York, NY",Not specified,https://www.indeed.com/rc/clk?jk=3263046d05662f11&fccid=d08a054a512224de&vjs=3,{'SQL'}
142,Integral Ad Science,Staff Big Data Engineer (Data Pipeline),New York State,Not specified,https://www.indeed.com/rc/clk?jk=88bf307e93dccde9&fccid=1dc32badf02d6835&vjs=3,{'SQL'}
143,Foursquare,"Software Engineer, Data Engineering - Data Platform","New York, NY",Not specified,https://www.indeed.com/rc/clk?jk=116e043d44d58ef5&fccid=f65aedcd2de292bf&vjs=3,set()
144,"JPMorgan Chase Bank, N.A.",Big Data / Java Software Engineer,"New York, NY",Not specified,https://www.indeed.com/rc/clk?jk=044219865cf4bec8&fccid=aaf3b433897ea465&vjs=3,{'SQL'}
145,Harnham,Senior Software Engineer - Data Products,"New York, NY","$170,000 - $220,000 a year",https://www.indeed.com/pagead/clk?mo=r&ad=-6NYlbfkN0ARICpNo1DhGqfodICOss3ZS6QdhS5AHh5hrs_CHOPYqyMBbpKreu8_0VPK2YpEpLZ6sjgDdGkeYek_1qio6yVjRcS-Ndtz2j7ZyphS08wBo-OYWcO5Din6R8nlZv7jjxTmzKW4J2mW9pUDBi6-Qf0OV7jPbDieY5nwL0SvWeD7vNC7UlQf3GRIrJSkgP9ZRZQKQiiPsLUNzOHxAJp278KIKnx4fo2CrIMo-_6jjqQ1FNi8YGPrRUiQVXhYcTjGCKFk7af8MYhBHYQYKJ3ELt74PgUYOp45XO8UbeLOLc8nw1GkHFBzDhFFo293eoVDP23QkJvcPIwS1odN6nTTNX16QYWH7BVLPRi3-7yfl6PE8Pmo-sZyUvEteKooxOFbxHiib-B3bSXCjCSf2moc05jRl0Je1WCmXQXxLb69c_bcXrcns-44IGpVBW5QNzH_qs8HHeuZAgil7wQfMezqLx965Iu9LgmgkPMqIMZW4XdFzo3tuMKDNBvdmF0WnFYrr-Wheq53LMtgLf1vImidf3K2vrXOIE_JVpo3cAj3ftH6sypXgN2p_HOJ60PO8sTc5h2kxMYbZCNeMMHFPkN0U7nuFDUtyqRZCk9cWEBMQ1TSqMvaQTG0ght--j5M0yshvktfqSENxHLg2DUYsgxRyPs6tIryz8jRkjye0bIAP_F_J-9Nj84qzRjUSg5ayTKFC21u3p0rf9jrAjuFiYc3AdQG&p=13&fvj=0&vjs=3,set()
146,Unqork,Senior Software Engineer - Platform Data (Analyze Camp),New York State,Not specified,https://www.indeed.com/rc/clk?jk=64dbf7147ed54590&fccid=ca21611ef9b2be3a&vjs=3,set()
147,Checkmate Partners,Data Engineer,"New York, NY 10005 (Financial District area)","$160,000 - $250,000 a year",https://www.indeed.com/pagead/clk?mo=r&ad=-6NYlbfkN0BH1qder4dIVBxRvRi6eMxZanAuHRf51dn9ep7wXrT9Fir0WrWp73KzGWcBoITKVPcAm5k-a14cmZ5-llOxM4uLLz5PIN1Qf7Fvr80HtzuxjAVpboeXwLuz5zCYpTTNeNZmaZOEGHCvNbR49di3wMwib6rVNDxuB_iTW3vn4_OLEuyYyW6ugEjivou0gvUYBOWFHz5ujajmxXX30KkX4VbBV9pdklHJ-MJGHBxkmmKUzSESlgMRnHlVMm4HDFrTDlFwSf69EHgOXhbmufYnMTgM_bcVZZhOeN7yRH-QTvgWpsqeVSSSWv5JqG8mLHckJtxCO4UNXtNzDUzTzs5PIOfA5eu0y_d44j5421YDi01UjZhE5KrQDZ7r-iSnvuoMaXzI9YooDdJKfEO9ug73RqWQII3j7gw_jlvstzk92qjKxsCOeVjPXgI4n3VTkx0VnBYo-oaCNROuLbzadtAdOus6&p=0&fvj=1&vjs=3,set()
148,Finecast,Data Engineer,"New York, NY 10007 (Financial District area)",Not specified,https://www.indeed.com/rc/clk?jk=07bed916130888f4&fccid=5d36055847879aed&vjs=3,"{'R', 'SQL'}"
149,"Transcat, Inc.",Data Engineer,"Rochester, NY 14624",Not specified,https://www.indeed.com/rc/clk?jk=a20fbff9ea352575&fccid=cbb1624b53fe882b&vjs=3,{'SQL'}
150,Jahnel Group Inc.,Data Engineer,"Schenectady, NY 12305 (Stockade area)",Not specified,https://www.indeed.com/rc/clk?jk=af8f767a9f2b6123&fccid=a3bc211ea2ee8e66&vjs=3,{'SQL'}
151,SmartAsset,Data/Analytics Engineer,"New York, NY",Not specified,https://www.indeed.com/rc/clk?jk=a55a966b0c5c6ccd&fccid=94eb61eaf1bf49bc&vjs=3,{'SQL'}
152,Well,Healthcare Data Scientist / Machine Learning Engineer,"New York, NY",Not specified,https://www.indeed.com/rc/clk?jk=b02fdc89a095748f&fccid=8a57849f94bc0482&vjs=3,{'SQL'}
153,WarnerMedia,Sr Data Analytics Engineer,"New York, NY (Columbus Circle area)",Not specified,https://www.indeed.com/rc/clk?jk=c8eb0d9a7a93c9f2&fccid=fdb210f6a49b1c13&vjs=3,"{'SQL', 'TABLEAU'}"
154,NBCUniversal,"Sr. Data Engineer, AdSmart","New York, NY",Not specified,https://www.indeed.com/rc/clk?jk=b9f588b0a0fa31eb&fccid=35d653c09c2712b6&vjs=3,{'SQL'}
155,BEES,"Data Engineer, Promotion Platform (BEES)","New York, NY",Not specified,https://www.indeed.com/rc/clk?jk=7e3c1f85adfa270d&fccid=2138ce516fb43c99&vjs=3,{'SQL'}
156,FanDuel,Data Engineer - Machine Learning (LA or NYC),"New York, NY",Not specified,https://www.indeed.com/rc/clk?jk=f45ecec9eb2591c3&fccid=ada833cd00ae27d8&vjs=3,{'SQL'}
157,Capgemini,Sr. Azure Data Engineer (ADF / Synapse),"New York, NY",Not specified,https://www.indeed.com/rc/clk?jk=d763e61430ef13d9&fccid=105ecfd0283f415f&vjs=3,{'SQL'}
158,New York Life Insurance Co,Data Platform Engineer,"New York, NY",Not specified,https://www.indeed.com/rc/clk?jk=0cbf850f61d43b5f&fccid=f0595ebb13247329&vjs=3,set()
159,Compass,Senior Data Engineer,"New York, NY",Not specified,https://www.indeed.com/rc/clk?jk=771bbb9421a4819e&fccid=3944dc0afa53bf7b&vjs=3,"{'SQL', 'TABLEAU'}"
160,DoubleVerify,"Senior Data Engineer, Programmatic & Platform Products","New York, NY 10018 (Clinton area)",Not specified,https://www.indeed.com/rc/clk?jk=488f3a653c9449dd&fccid=1a409fb4e78331ad&vjs=3,{'SQL'}
161,Red Ventures,"Senior Software Engineer, Data Platform (Remote)","New York, NY 10011 (Flatiron District area)",Not specified,https://www.indeed.com/rc/clk?jk=291ac658259327d6&fccid=c39dcf34372f1519&vjs=3,set()
